id;filename;path;type;traite;date_traitement
1;COM Investment Account invoice;Security;secondary schemas Guatemala;true;2020-07-19T21:57:26
2;Markets client-server;Hat Rustic Fresh;orange;false;2020-07-20T05:34:15
3;Unbranded Rubber Chips Cheese;archive;China solid state;true;2020-07-19T15:31:32
4;Wooden;Manors;Games bricks-and-clicks withdrawal;false;2020-07-20T04:34:55
5;Borders networks;upward-trending Research Money Market Account;teal;true;2020-07-20T03:11:02
6;Nepal auxiliary optical;Seamless parse 1080p;New Hampshire;false;2020-07-20T02:57:28
7;Designer;compressing;Illinois wireless United States Minor Outlying Islands;false;2020-07-20T06:02:47
8;Checking Account Investment Account RSS;Cliff SCSI Corporate;Buckinghamshire;false;2020-07-19T15:17:31
9;application;Parkways Bedfordshire;Marketing Optimization Cedi;true;2020-07-20T05:01:44
10;Auto Loan Account;Awesome Tugrik Motorway;Wooden;true;2020-07-20T01:29:19
